Date,Total
2018-04-27,404077.86
2018-04-28,400585.10
2018-04-29,429213.93
2018-04-30,421651.16
2018-05-01,436194.97
2018-05-02,429829.04
2018-05-03,452872.08
2018-05-04,535354.10
2018-05-05,587024.51
2018-05-06,612041.09
2018-05-07,606185.91
2018-05-08,545101.11
2018-05-09,554542.13
2018-05-10,553726.77
2018-05-11,534215.52
2018-05-12,513757.50
2018-05-13,494662.89
2018-05-14,506290.18
2018-05-15,526043.76
2018-05-16,488485.92
2018-05-17,472706.65
2018-05-18,453483.35
2018-05-19,485519.29
2018-05-20,489576.65
2018-05-21,502531.60
2018-05-22,488725.89
2018-05-23,459658.44
2018-05-24,398599.05
2018-05-25,441987.24
2018-05-26,413710.59
2018-05-27,373254.33
2018-05-28,384164.60
2018-05-29,333481.35
2018-05-30,366440.49
2018-05-31,357505.38
2018-06-01,377763.74
2018-06-02,366692.90
2018-06-03,400182.48
2018-06-04,414105.84
2018-06-05,404405.32
2018-06-06,397586.58
2018-06-07,413083.60
2018-06-08,407737.30
2018-06-09,410462.19
2018-06-10,407531.21
2018-06-11,340982.13
2018-06-12,343077.10
2018-06-13,318041.79
2018-06-14,311769.17
2018-06-15,345592.22
2018-06-16,337317.98
2018-06-17,342632.75
2018-06-18,344369.82
2018-06-19,371709.75
2018-06-20,377297.46
2018-06-21,385891.91
2018-06-22,374646.74
2018-06-23,328674.11
2018-06-24,338020.34
2018-06-25,325352.51
2018-06-26,328390.70
2018-06-27,312520.42
2018-06-28,331966.71
2018-06-29,339219.63
2018-06-30,337358.63
2018-07-01,345806.86
2018-07-02,352556.03
2018-07-03,375401.88
2018-07-04,355123.12
2018-07-05,372105.68
2018-07-06,388750.77
2018-07-07,357603.01
2018-07-08,402882.70
2018-07-09,381731.63
2018-07-10,388746.66
2018-07-11,334323.46
2018-07-12,338795.50
2018-07-13,329137.81
2018-07-14,335944.57
2018-07-15,327538.47
2018-07-16,352941.83
2018-07-17,368446.42
2018-07-18,387730.35
2018-07-19,357727.39
2018-07-20,354615.56
2018-07-21,337662.72
2018-07-22,343527.27
2018-07-23,353047.08
2018-07-24,325949.33
2018-07-25,357183.88
2018-07-26,351103.56
2018-07-27,341819.11
2018-07-28,340056.77
2018-07-29,342664.98
2018-07-30,341927.59
2018-07-31,337279.32
2018-08-01,322134.89
2018-08-02,337275.67
2018-08-03,337913.18
2018-08-04,371712.72
2018-08-05,356597.15
2018-08-06,358439.01
2018-08-07,367117.12
2018-08-08,367757.69
2018-08-09,22961.88
2018-08-10,20548.73
2018-08-11,20134.04
2018-08-12,337317.40
2018-08-13,340362.48
2018-08-14,342257.88
2018-08-15,341052.26
2018-08-16,359166.55
2018-08-17,369142.68
2018-08-18,367401.15
2018-08-19,365249.27
2018-08-20,363340.31
2018-08-21,358940.58
2018-08-22,316469.66
2018-08-23,242300.68
2018-08-24,2502793.66
2018-08-25,372406.54
2018-08-26,1302138.51
2018-08-27,8969865.14
2018-08-28,9018718.80
2018-08-29,1180226.41
2018-08-30,1175880.44
2018-08-31,1164421.61
2018-09-01,1178640.77
2018-09-02,1721605.31
2018-09-03,1714498.48
2018-09-04,1655376.03
2018-09-05,1541536.48
2018-09-06,1401925.23
2018-09-07,1373023.58
2018-09-08,1368294.69
2018-09-09,1305799.31
2018-09-10,654995.39
2018-09-11,1013470.37
2018-09-12,1369791.87
2018-09-13,969787.10
2018-09-14,967548.88
2018-09-15,609333.97
2018-09-16,1314515.63
2018-09-17,468275.51
2018-09-18,422288.66
2018-09-19,454622.15
2018-09-20,449140.10
2018-09-21,458246.45
2018-09-22,610154.66
2018-09-23,1090775.45
2018-09-24,1091668.51
2018-09-25,340529.61
2018-09-26,421474.34
2018-09-27,487850.79
2018-09-28,2062155.87
2018-09-29,3596029.28
2018-09-30,3917494.82
2018-10-01,3784471.07
2018-10-02,4022968.45
2018-10-03,3739590.38
2018-10-04,3317089.59
2018-10-05,3288585.81
2018-10-06,3555982.24
2018-10-07,3345382.61
2018-10-08,2990374.21
2018-10-09,3017476.31
2018-10-10,3312010.87
2018-10-11,3294332.14
2018-10-12,2875060.66
2018-10-13,3384946.57
2018-10-14,3421112.78
2018-10-15,3373174.42
2018-10-16,4833995.72
2018-10-17,4074596.48
2018-10-18,5723684.28
2018-10-19,5445987.68
2018-10-20,5700029.75
2018-10-21,4772745.97
2018-10-22,5842450.93
2018-10-23,6079294.39
2018-10-24,5961246.44
2018-10-25,6265812.03
2018-10-26,6565393.34
2018-10-27,4814508.58
2018-10-28,6483197.21
2018-10-29,6595754.80
2018-10-30,5738062.03
2018-10-31,3932026.30
2018-11-01,3912717.30
2018-11-02,3911408.33
2018-11-03,3491550.81
2018-11-04,4430767.70
2018-11-05,4109048.92
2018-11-06,4148805.62
2018-11-07,4436008.56
2018-11-08,4392574.10
2018-11-09,4196211.94
2018-11-10,4044371.35
2018-11-11,4173220.53
2018-11-12,4083018.28
2018-11-13,4338027.86
2018-11-14,4275287.02
2018-11-15,3683607.21
2018-11-16,3916651.17
2018-11-17,3777995.95
2018-11-18,3619613.83
2018-11-19,14168000.57
2018-11-20,2893450.19
2018-11-21,2213633.56
2018-11-22,2817094.75
2018-11-23,4207919.92
2018-11-24,4248590.48
2018-11-25,3926654.35
2018-11-26,4859024.01
2018-11-27,4683036.83
2018-11-28,5399337.85
2018-11-29,6207558.89
2018-11-30,6455300.05
2018-12-01,6418273.47
2018-12-02,7185037.46
2018-12-03,6513088.99
2018-12-04,5342216.73
2018-12-05,5198881.48
2018-12-06,3905165.97
2018-12-07,3399289.14
2018-12-08,3951932.89
2018-12-09,4274771.22
2018-12-10,3323394.19
2018-12-11,3286046.38
2018-12-12,3364537.13
2018-12-13,3517188.23
2018-12-14,3270664.59
2018-12-15,2968926.24
2018-12-16,3311345.61
2018-12-17,3509572.91
2018-12-18,3970429.93
2018-12-19,4151531.36
2018-12-20,4145202.65
2018-12-21,4601155.82
2018-12-22,5772900.46
2018-12-23,5870272.51
2018-12-24,6366065.20
2018-12-25,7427365.10
2018-12-26,6906895.87
2018-12-27,7376259.09
2018-12-28,6671341.25
2018-12-29,7098851.39
2018-12-30,4149780.61
2018-12-31,3926019.84
2019-01-01,3802744.42
2019-01-02,4008486.20
2019-01-03,5319595.67
2019-01-04,287433128.52
2019-01-05,302732506.87
2019-01-06,311853477.01
2019-01-07,300491956.24
2019-01-08,299339163.96
2019-01-09,292697944.27
2019-01-10,120442298.07
2019-01-11,257765163.23
2019-01-12,290802406.08
2019-01-13,257937842.20
2019-01-14,191629187.26
2019-01-15,261411391.56
2019-01-16,262961575.38
2019-01-17,267924884.56
2019-01-18,277660236.30
2019-01-19,244151380.72
2019-01-20,251644913.62
2019-01-21,248491097.98
2019-01-22,240708087.24
2019-01-23,235787788.93
2019-01-24,243494776.43
2019-01-25,241710177.28
2019-01-26,241907331.69
2019-01-27,245375349.54
2019-01-28,239831642.32
2019-01-29,110993122.62
2019-01-30,218096824.36
2019-01-31,222703976.18
2019-02-01,228666577.29
2019-02-02,227028959.40
2019-02-03,230013244.42
2019-02-04,230127295.94
2019-02-05,229430913.47
2019-02-06,231273136.94
2019-02-07,223333681.34
2019-02-08,228871906.91
2019-02-09,235167475.42
2019-02-10,261139320.44
2019-02-11,258554459.28
2019-02-12,264077880.78
2019-02-13,262141236.56
2019-02-14,267761655.68
2019-02-15,264387498.16
2019-02-16,277093507.76
2019-02-17,268744333.01
2019-02-18,281574784.59
2019-02-19,305819125.38
2019-02-20,325278626.62
2019-02-21,322645926.66
2019-02-22,322273346.61
2019-02-23,330720006.00
2019-02-24,332135495.65
2019-02-25,364416787.12
2019-02-26,309999343.66
2019-02-27,309159374.18
2019-02-28,312433597.50
2019-03-01,310014164.07
2019-03-02,314532262.89
2019-03-03,303624732.59
2019-03-04,305542360.41
2019-03-05,288680650.23
2019-03-06,295972789.95
2019-03-07,320109082.84
2019-03-08,322663486.90
2019-03-09,314523730.43
2019-03-10,324473631.56
2019-03-11,313835747.60
2019-03-12,311112409.64
2019-03-13,312741396.29
2019-03-14,307100618.34
2019-03-15,310006836.67
2019-03-16,316214758.26
2019-03-17,335130994.64
2019-03-18,334848455.98
2019-03-19,330615127.32
2019-03-20,327731261.89
2019-03-21,328283472.36
2019-03-22,325443734.18
2019-03-23,317895424.77
2019-03-24,320257353.56
2019-03-25,321138288.82
2019-03-26,315561565.37
2019-03-27,312363436.93
2019-03-28,327529272.86
2019-03-29,321106178.21
2019-03-30,330061621.70
2019-03-31,336188470.81
2019-04-01,333460244.33
2019-04-02,330978254.07
2019-04-03,361594750.89
2019-04-04,392932918.90
2019-04-05,377869512.07
2019-04-06,387144014.83
2019-04-07,386408512.44
2019-04-08,397314868.43
2019-04-09,417345265.99
2019-04-10,416397449.87
2019-04-11,426381658.71
2019-04-12,390404226.99
2019-04-13,391764520.55
2019-04-14,384361169.38
2019-04-15,384943047.86
2019-04-16,388146901.68
2019-04-17,378592405.43
2019-04-18,391870807.56
2019-04-19,398046174.89
2019-04-20,400802077.21
2019-04-21,394224277.37
2019-04-22,384047397.13
2019-04-23,391612123.21
2019-04-24,398974485.33
2019-04-25,374835374.49
2019-04-26,369675254.12
2019-04-27,353253273.29
2019-04-28,351397722.90
2019-04-29,355871415.80
2019-04-30,345659531.14
2019-05-01,360859250.58
2019-05-02,367995032.90
2019-05-03,360919178.54
2019-05-04,369508006.43
2019-05-05,364541770.68
2019-05-06,365556204.75
2019-05-07,366422292.35
2019-05-08,396594726.19
2019-05-09,376392567.72
2019-05-10,377496114.97
2019-05-11,374509695.16
2019-05-12,403051737.05
2019-05-13,407686685.19
2019-05-14,413872177.14
2019-05-15,442069802.74
2019-05-16,486740747.44
2019-05-17,492855168.51
2019-05-18,457487191.04
2019-05-19,467583199.66
2019-05-20,499545006.99
2019-05-21,489893173.32
2019-05-22,488358808.42
2019-05-23,487452839.17
2019-05-24,462332913.40
2019-05-25,487418847.49
2019-05-26,495186828.50
2019-05-27,477590554.83
2019-05-28,504416215.36
2019-05-29,492147769.39
2019-05-30,486895285.41
2019-05-31,506370688.62
2019-06-01,464900287.58
2019-06-02,490440184.87
2019-06-03,492316483.34
2019-06-04,480029529.04
2019-06-05,449108423.47
2019-06-06,450802268.50
2019-06-07,454782474.92
2019-06-08,458402697.66
2019-06-09,459231885.59
2019-06-10,448830825.94
2019-06-11,450039861.44
2019-06-12,445448012.07
2019-06-13,462252033.90
2019-06-14,473704223.03
2019-06-15,471947873.19
2019-06-16,483324307.55
2019-06-17,496782843.66
2019-06-18,500753899.09
2019-06-19,492451210.36
2019-06-20,491959838.55
2019-06-21,492750196.85
2019-06-22,530113804.05
2019-06-23,559048628.67
2019-06-24,557130390.98
2019-06-25,558559670.20
2019-06-26,556981196.26
2019-06-27,582321118.51
2019-06-28,542317702.38
2019-06-29,534711011.64
2019-06-30,530837844.36
2019-07-01,524027832.98
2019-07-02,516757057.37
2019-07-03,488986544.74
2019-07-04,518289037.53
2019-07-05,523478296.13
2019-07-06,522349436.40
2019-07-07,514099212.46
2019-07-08,521782532.26
2019-07-09,548619945.09
2019-07-10,553818430.35
2019-07-11,546426568.70
2019-07-12,491580759.00
2019-07-13,497840084.43
2019-07-14,480963477.81
2019-07-15,444131044.11
2019-07-16,443431779.98
2019-07-17,453116693.12
2019-07-18,432187195.11
2019-07-19,424182743.61
2019-07-20,424819651.80
2019-07-21,443007033.02
2019-07-22,476650084.66
2019-07-23,426811976.82
2019-07-24,400560139.42
2019-07-25,435689439.36
2019-07-26,416736740.54
2019-07-27,413794501.56
2019-07-28,400167620.42
2019-07-29,401701991.05
2019-07-30,400452929.93
2019-07-31,399934410.88
2019-08-01,408448444.64
2019-08-02,408498626.89
2019-08-03,419934152.87
2019-08-04,425878731.28
2019-08-05,420913306.46
2019-08-06,443573112.62
2019-08-07,431085094.29
2019-08-08,429263646.79
2019-08-09,423599912.33
2019-08-10,426731448.58
2019-08-11,426826739.07
2019-08-12,433190916.07
2019-08-13,436237066.43
2019-08-14,440607038.23
2019-08-15,439008344.43
2019-08-16,407528542.27
2019-08-17,407745818.90
2019-08-18,413126212.89
2019-08-19,416031742.41
2019-08-20,444642544.28
2019-08-21,439784982.99
2019-08-22,424737812.52
2019-08-23,423581430.66
2019-08-24,430004019.56
2019-08-25,428278453.92
2019-08-26,430880628.21
2019-08-27,432524674.28
2019-08-28,425839853.37
2019-08-29,436695792.89
2019-08-30,405559306.81
2019-08-31,416654692.71
2019-09-01,412283215.64
2019-09-02,412015990.00
2019-09-03,417855647.90
2019-09-04,431146020.16
2019-09-05,441265569.89
2019-09-06,428146129.37
2019-09-07,432653500.61
2019-09-08,419038441.76
2019-09-09,440831779.06
2019-09-10,444365772.51
2019-09-11,445425336.95
2019-09-12,440748361.23
2019-09-13,442855590.03
2019-09-14,448058504.41
2019-09-15,447662643.52
2019-09-16,466834224.54
2019-09-17,479616374.18
2019-09-18,493677031.91
2019-09-19,516413933.01
2019-09-20,511755631.23
2019-09-21,530294628.27
2019-09-22,526019297.76
2019-09-23,515842768.12
2019-09-24,512444031.84
2019-09-25,483098071.18
2019-09-26,423035092.62
2019-09-27,433728248.88
2019-09-28,438798959.25
2019-09-29,455802071.46
2019-09-30,447518494.06
2019-10-01,452169043.57
2019-10-02,466199992.98
2019-10-03,459534105.35
2019-10-04,460755696.25
2019-10-05,458425463.48
2019-10-06,457966119.92
2019-10-07,453518307.48
2019-10-08,456476117.95
2019-10-09,473870703.40
2019-10-10,484596373.98
2019-10-11,501809122.34
2019-10-12,492024137.57
2019-10-13,488756016.85
2019-10-14,485783196.67
2019-10-15,489041572.75
2019-10-16,492685979.75
2019-10-17,473007439.22
2019-10-18,480422179.03
2019-10-19,478178444.65
2019-10-20,480393265.80
2019-10-21,476807623.98
2019-10-22,485560835.19
2019-10-23,492873456.51
2019-10-24,509344456.30
2019-10-25,480895763.82
2019-10-26,500089501.77
2019-10-27,555751422.11
2019-10-28,573029079.34
2019-10-29,587041831.33
2019-10-30,599116999.89
2019-10-31,577322607.04
2019-11-01,548331715.91
2019-11-02,552348609.40
2019-11-03,554658280.53
2019-11-04,551649116.38
2019-11-05,591141719.84
2019-11-06,587964248.75
2019-11-07,589028133.91
2019-11-08,583520313.51
2019-11-09,594982874.07
2019-11-10,594585511.89
2019-11-11,586610792.30
2019-11-12,589174288.97
2019-11-13,603156893.44
2019-11-14,595694419.15
2019-11-15,590232145.31
2019-11-16,578754782.52
2019-11-17,558311390.18
2019-11-18,588596767.98
2019-11-19,600987497.81
2019-11-20,588005468.08
2019-11-21,604585600.26
2019-11-22,599783657.77
2019-11-23,562465652.98
2019-11-24,566625322.45
2019-11-25,571302317.33
2019-11-26,580979887.90
2019-11-27,605848068.64
2019-11-28,609617390.00
2019-11-29,655753218.52
2019-11-30,637340608.31
2019-12-01,619475538.61
2019-12-02,602758910.59
2019-12-03,594710340.64
2019-12-04,616514222.75
2019-12-05,612561104.96
2019-12-06,616152212.91
2019-12-07,609769769.32
2019-12-08,610889767.74
2019-12-09,602971720.60
2019-12-10,629477537.45
2019-12-11,615429560.56
2019-12-12,601189786.74
2019-12-13,601685647.39
2019-12-14,613097081.40
2019-12-15,604005295.20
2019-12-16,616835631.39
2019-12-17,617481952.07
2019-12-18,593778036.37
2019-12-19,557250098.58
2019-12-20,588757849.96
2019-12-21,591127126.68
2019-12-22,592546201.93
2019-12-23,599476007.48
2019-12-24,613267181.97
2019-12-25,599188583.88
2019-12-26,592871117.31
2019-12-27,590203281.84
2019-12-28,580878693.80
2019-12-29,593346741.71
2019-12-30,597207833.28
2019-12-31,609180173.36
2020-01-01,603193264.11
2020-01-02,602696674.60
2020-01-03,597189478.76
2020-01-04,605285263.61
2020-01-05,607193389.31
2020-01-06,610820377.09
2020-01-07,623859483.59
2020-01-08,611202041.45
2020-01-09,634092077.29
2020-01-10,590899599.31
2020-01-11,588989461.20
2020-01-12,611958881.69
2020-01-13,594343570.87
2020-01-14,613840777.58
2020-01-15,649995610.90
2020-01-16,710958871.51
2020-01-17,690305023.43
2020-01-18,729728410.48
2020-01-19,717062859.62
2020-01-20,711006247.87
2020-01-21,684534287.39
2020-01-22,718185953.20
2020-01-23,715239754.33
2020-01-24,702516142.44
2020-01-25,693795277.21
2020-01-26,690250395.52
2020-01-27,697247985.68
2020-01-28,723137109.73
2020-01-29,754159027.00
2020-01-30,769031780.47
2020-01-31,770356016.12
2020-02-01,782063930.76
2020-02-02,793026243.82
2020-02-03,815100625.99
2020-02-04,803646231.78
2020-02-05,796408036.50
2020-02-06,829432954.02
2020-02-07,865209398.53
2020-02-08,894320609.86
2020-02-09,900680060.79
2020-02-10,901706966.87
2020-02-11,854683057.50
2020-02-12,893047128.30
2020-02-13,972413588.82
2020-02-14,997429324.73
2020-02-15,1028951914.71
2020-02-16,1047855796.64
2020-02-17,1000728102.06
2020-02-18,947655420.87
2020-02-19,997092212.83
2020-02-20,969968462.55
2020-02-21,878340547.01
2020-02-22,906593012.76
2020-02-23,769638319.82
2020-02-24,936686050.77
2020-02-25,942510617.71
2020-02-26,912446477.00
2020-02-27,831700978.36
2020-02-28,823338348.78
2020-02-29,799079232.23
2020-03-01,821049791.82
2020-03-02,814223097.20
2020-03-03,805943194.30
2020-03-04,829866618.28
2020-03-05,812206214.77
2020-03-06,829487587.92
2020-03-07,842467463.60
2020-03-08,857641829.14
2020-03-09,808841001.69
2020-03-10,739899098.43
2020-03-11,741233144.68
2020-03-12,747884048.30
2020-03-13,523060961.77
2020-03-14,497072749.68
2020-03-15,497369774.13
2020-03-16,477007479.12
2020-03-17,404395491.84
2020-03-18,445560105.30
2020-03-19,439570895.57
2020-03-20,471596985.67
2020-03-21,529234451.34
2020-03-22,489531312.94
2020-03-23,482093502.94
2020-03-24,471261169.29
2020-03-25,512550111.46
2020-03-26,512944707.90
2020-03-27,519294699.08
2020-03-28,522573286.42
2020-03-29,509229192.12
2020-03-30,507491364.98
2020-03-31,519967586.08
2020-04-01,529739112.17
2020-04-02,534656355.04
2020-04-03,549645900.42
2020-04-04,577494743.03
2020-04-05,567233321.71
2020-04-06,570348839.51
2020-04-07,592372164.58
2020-04-08,641343075.70
2020-04-09,628439126.12
2020-04-10,631326674.08
2020-04-11,584527229.60
2020-04-12,589361858.05
2020-04-13,585655077.94
2020-04-14,580422725.04
2020-04-15,587438213.77
2020-04-16,674462401.36
2020-04-17,619001113.81
2020-04-18,626788068.30
2020-04-19,643065924.59
2020-04-20,674503078.94
2020-04-21,659074321.93
2020-04-22,640525237.65
2020-04-23,664132244.67
2020-04-24,675754436.30
2020-04-25,687993252.78
2020-04-26,698841141.26
2020-04-27,703406485.68
2020-04-28,711076110.06
2020-04-29,721792011.20
2020-04-30,767634529.54
2020-05-01,756431901.68
2020-05-02,770243841.73
2020-05-03,775188589.37
2020-05-04,790464318.41
2020-05-05,753256094.98
2020-05-06,755462512.16
2020-05-07,798780368.09
2020-05-08,780669065.46
2020-05-09,797777747.02
2020-05-10,802431631.11
2020-05-11,753853535.55
2020-05-12,730417170.03
2020-05-13,723829885.89
2020-05-14,735606550.79
2020-05-15,753874851.46
2020-05-16,741957946.48
2020-05-17,746323615.62
2020-05-18,762574516.05
2020-05-19,779980055.61
2020-05-20,842291112.32
2020-05-21,855861220.41
2020-05-22,925045927.41
2020-05-23,933173661.74
2020-05-24,956862107.54
2020-05-25,1022748549.50
2020-05-26,1003746080.21
2020-05-27,1005621446.14
2020-05-28,1014441443.06
2020-05-29,1001755500.85
2020-05-30,1031525578.56
2020-05-31,1095063145.85
2020-06-01,1110456381.71
2020-06-02,1101537640.39
2020-06-03,1135502441.89
2020-06-04,1126487239.06
2020-06-05,1139212544.84
2020-06-06,1152029922.17
2020-06-07,1157797672.36
2020-06-08,1145963654.66
2020-06-09,1163272103.47
2020-06-10,1158432715.41
2020-06-11,1116349835.97
2020-06-12,1178684430.45
2020-06-13,1157228675.16
2020-06-14,1146261299.56
2020-06-15,965706850.04
2020-06-16,1110833085.48
2020-06-17,1224636929.99
2020-06-18,1308977738.51
2020-06-19,1408291020.64
2020-06-20,1492172633.29
2020-06-21,1610465321.86
2020-06-22,1685052624.90
2020-06-23,1691612531.75
2020-06-24,1757563883.30
2020-06-25,1823719800.33
2020-06-26,1837153661.48
2020-06-27,1863915415.77
2020-06-28,1883345199.65
2020-06-29,1862791202.05
2020-06-30,1877213604.78
2020-07-01,1846705115.86
2020-07-02,1916114450.44
2020-07-03,1974579797.56
2020-07-04,2030828498.41
2020-07-05,2052562414.61
2020-07-06,2074793556.78
2020-07-07,2188763571.50
2020-07-08,2190832517.69
2020-07-09,2329255501.28
2020-07-10,2326650819.49
2020-07-11,2336253023.55
2020-07-12,2374316430.64
2020-07-13,2389948926.81
2020-07-14,2411342093.11
2020-07-15,2363443426.00
2020-07-16,2404285663.82
2020-07-17,2405339616.44
2020-07-18,2518866264.77
2020-07-19,2528667642.45
2020-07-20,2743418577.57
2020-07-21,2944164700.90
2020-07-22,3044477541.35
2020-07-23,3199896058.77
2020-07-24,3415468591.99
2020-07-25,3468586075.99
2020-07-26,3499466464.64
2020-07-27,3413387604.84
2020-07-28,3383755457.17
2020-07-29,3394380562.49
2020-07-30,3512083473.70
2020-07-31,3620563055.25
2020-08-01,3748821035.54
2020-08-02,3976785411.77
2020-08-03,3874269152.06
2020-08-04,4017253223.69
2020-08-05,4060941645.65
2020-08-06,4265431162.80
2020-08-07,4203539098.15
2020-08-08,4266907021.61
2020-08-09,4364033592.09
2020-08-10,4463147541.43
2020-08-11,4516317218.19
2020-08-12,4449352763.51
2020-08-13,4490574462.34
2020-08-14,4707449199.13
2020-08-15,5552989877.47
2020-08-16,5897437315.78
2020-08-17,5973272295.13
2020-08-18,6215981565.52
2020-08-19,6188717420.45
2020-08-20,6233700497.20
2020-08-21,6482940645.19
2020-08-22,6377089437.81
2020-08-23,6320368339.38
2020-08-24,6387060887.58
2020-08-25,6474117055.83
2020-08-26,6754977929.66
2020-08-27,6938084080.56
2020-08-28,7069593921.44
2020-08-29,7512908280.75
2020-08-30,7829083419.12
2020-08-31,8190409587.34
2020-09-01,8416897989.55
2020-09-02,9392341735.35
2020-09-03,9248771404.85
2020-09-04,8840422849.50
2020-09-05,8774470755.54
2020-09-06,7518840956.80
2020-09-07,7779351047.53
2020-09-08,7063081390.15
2020-09-09,6951787813.20
2020-09-10,7113460738.94
2020-09-11,7766962036.87
2020-09-12,7720733069.32
2020-09-13,7919135795.77
2020-09-14,7715402934.23
2020-09-15,7847949240.88
2020-09-16,7725124236.70
2020-09-17,7520517011.02
2020-09-18,8052909726.90
2020-09-19,8519970394.04
2020-09-20,9196593218.58
2020-09-21,9376085400.01
2020-09-22,8714828779.97
2020-09-23,8750457061.12
2020-09-24,8789848088.68
2020-09-25,9109544717.33
2020-09-26,9354616216.98
2020-09-27,10293948114.69
2020-09-28,10204476658.96
2020-09-29,10321353182.19
2020-09-30,10315099847.97
2020-10-01,10134392687.09
2020-10-02,10189295238.47
2020-10-03,9737575006.76
2020-10-04,9903179945.55
2020-10-05,9881721137.41
2020-10-06,9736036047.48
2020-10-07,9307169211.71
2020-10-08,9050140204.50
2020-10-09,9294430969.19
2020-10-10,9710313455.86
2020-10-11,9859522062.84
2020-10-12,9958279304.64
2020-10-13,9978001973.79
2020-10-14,10038921099.11
2020-10-15,10038190284.76
2020-10-16,9917922064.87
2020-10-17,9732067915.94
2020-10-18,9692987238.67
2020-10-19,9803589310.92
2020-10-20,9831418136.31
2020-10-21,9581943440.38
2020-10-22,9715727249.96
2020-10-23,9911450126.15
2020-10-24,9998327466.63
2020-10-25,10115370615.04
2020-10-26,10117805274.75
2020-10-27,9835670127.13
2020-10-28,9983556724.12
2020-10-29,9898984471.29
2020-10-30,9851385711.42
2020-10-31,9689932667.44
2020-11-01,9854321847.39
2020-11-02,9864556194.53
2020-11-03,9621004842.05
2020-11-04,9566387724.30
2020-11-05,9656163251.76
2020-11-06,9865067926.28
2020-11-07,10514636975.26
2020-11-08,10500108155.78
2020-11-09,10717236165.59
2020-11-10,11194808412.68
2020-11-11,11374092016.51
2020-11-12,11815709397.04
2020-11-13,11647603707.51
2020-11-14,11977313256.78
2020-11-15,11792683867.00
2020-11-16,11836851395.63
2020-11-17,11913540023.50
2020-11-18,11679325492.27
2020-11-19,11611650929.57
2020-11-20,11591261252.16
2020-11-21,12318327969.34
2020-11-22,12414922560.97
2020-11-23,12398620476.47
2020-11-24,12565973177.47
2020-11-25,12599940583.27
2020-11-26,12388831137.15
2020-11-27,11274836889.17
2020-11-28,11181634874.12
2020-11-29,11513580370.35
2020-11-30,12111861298.92
2020-12-01,12795987608.48
2020-12-02,12724500680.52
2020-12-03,12901111767.98
2020-12-04,13194063626.13
2020-12-05,12568319798.06
2020-12-06,12933283345.35
2020-12-07,13002297919.86
2020-12-08,13078000666.16
2020-12-09,12685104431.70
2020-12-10,12664941727.59
2020-12-11,12450643860.81
2020-12-12,12164634989.94
2020-12-13,12635041119.60
2020-12-14,12981556275.51
2020-12-15,12974986126.65
2020-12-16,13265940662.18
2020-12-17,13511920582.29
2020-12-18,13963977279.46
2020-12-19,13946979344.88
2020-12-20,14370699944.39
2020-12-21,14128754596.00
2020-12-22,13659057159.39
2020-12-23,13963658644.80
2020-12-24,13857620782.78
2020-12-25,13773685170.53
2020-12-26,14387709887.72
2020-12-27,14593625595.29
2020-12-28,14618961853.01
2020-12-29,15358429580.77
2020-12-30,15480683661.06
2020-12-31,15061320815.99
2021-01-01,15308278945.12
2021-01-02,15393496906.69
2021-01-03,15839000462.97
2021-01-04,17424681837.16
2021-01-05,18249927805.58
2021-01-06,20031885327.80
2021-01-07,21417547204.72
2021-01-08,21876955410.67
2021-01-09,22324303920.01
2021-01-10,22281448747.08
2021-01-11,22440777560.76
2021-01-12,20008836475.07
2021-01-13,20262397173.06
2021-01-14,21232414345.66
2021-01-15,22232372294.00
2021-01-16,21672978256.00
2021-01-17,22473723731.70
2021-01-18,22590296463.14
2021-01-19,23071677387.59
2021-01-20,24533456293.10
2021-01-21,23617909833.87
2021-01-22,21534663575.82
2021-01-23,22788053604.29
2021-01-24,23519491793.32
2021-01-25,25461077837.32
2021-01-26,25803195860.04
2021-01-27,25484026352.90
2021-01-28,24515384943.17
2021-01-29,26017313466.61
2021-01-30,27064199206.77
2021-01-31,26998337524.49
2021-02-01,26942114733.21
2021-02-02,27512515278.08
2021-02-03,28996953170.78
2021-02-04,32564605169.96
2021-02-05,33492188282.92
2021-02-06,35789623075.11
2021-02-07,35556321875.14
2021-02-08,34828908937.81
2021-02-09,37486773679.88
2021-02-10,38994395470.88
2021-02-11,40241977089.87
2021-02-12,41491064832.33
2021-02-13,42299258089.97
2021-02-14,41593316435.20
2021-02-15,42001997138.71
2021-02-16,41590602189.55
2021-02-17,42141014383.68
2021-02-18,43064977476.37
2021-02-19,44795111400.81
2021-02-20,46348600072.49
2021-02-21,48014135082.57
2021-02-22,48447474621.83
2021-02-23,45698307191.85
2021-02-24,39714355142.23
2021-02-25,43315810918.87
2021-02-26,42498311962.39
2021-02-27,37536737023.64
2021-02-28,37985056069.96
2021-03-01,39761766432.67
2021-03-02,43143946924.59
2021-03-03,43639970449.66
2021-03-04,45760510261.07
2021-03-05,45134410974.77
2021-03-06,44293838069.61
2021-03-07,45592218766.10
2021-03-08,44447012916.36
2021-03-09,45609398587.63
2021-03-10,47894938293.87
2021-03-11,48251354659.35
2021-03-12,48900022167.74
2021-03-13,50181234643.55
2021-03-14,53344877188.45
2021-03-15,52790014528.86
2021-03-16,50744740810.94
2021-03-17,51288673493.69
2021-03-18,52182688941.46
2021-03-19,52743686785.58
2021-03-20,53978433993.96
2021-03-21,55653700743.74
2021-03-22,53757129634.60
2021-03-23,53368960315.49
2021-03-24,51599140720.69
2021-03-25,50877244367.57
2021-03-26,49535512611.60
2021-03-27,52218648059.74
2021-03-28,52807886176.82
2021-03-29,53525909153.64
2021-03-30,56504319824.30
2021-03-31,59222348518.28
2021-04-01,59408270829.82
2021-04-02,62146531765.57
2021-04-03,64911877589.95
2021-04-04,69974159614.68
2021-04-05,71740210252.60
2021-04-06,74796948606.85
2021-04-07,75604434867.53
2021-04-08,71022661462.23
2021-04-09,73641957187.20
2021-04-10,76017697212.54
2021-04-11,77730709589.39
2021-04-12,77775485034.21
2021-04-13,78976006533.25
2021-04-14,82536636331.94
2021-04-15,87207147954.14
2021-04-16,89191646652.42
2021-04-17,89127079664.30
2021-04-18,89484300987.11
2021-04-19,81870764220.54
2021-04-20,83348724460.74
2021-04-21,84544699996.72
2021-04-22,85269330804.75
2021-04-23,87500628056.87
2021-04-24,85632535226.18
2021-04-25,84188492752.26
2021-04-26,87662103352.17
2021-04-27,95620278384.42
2021-04-28,99129706234.36
2021-04-29,101291258851.56
2021-04-30,100299353065.87
2021-05-01,102103212793.78
2021-05-02,106349193851.56
2021-05-03,105176310245.38
2021-05-04,112807034794.81
2021-05-05,113720893143.40
2021-05-06,115807113354.49
2021-05-07,118417065104.15
2021-05-08,117479864130.86
2021-05-09,121079730348.49
2021-05-10,122880602971.16
2021-05-11,123056765678.87
2021-05-12,122559317484.86
2021-05-13,121509557418.78
2021-05-14,115778668141.17
2021-05-15,119716430017.84
2021-05-16,116287672979.20
2021-05-17,114157705264.15
2021-05-18,110237920831.38
2021-05-19,101796260316.76
2021-05-20,87403697993.00
2021-05-21,86075662396.57
2021-05-22,82597262812.40
2021-05-23,75050760731.82
2021-05-24,72128612060.27
2021-05-25,79871246513.96
2021-05-26,82339209768.14
2021-05-27,87666120000.03
2021-05-28,85237279717.88
2021-05-29,79670525967.76
2021-05-30,78444199151.59
2021-05-31,81874701348.44
2021-06-01,86205466975.03
2021-06-02,88194227150.45
2021-06-03,92569235437.11
2021-06-04,93649918376.46
2021-06-05,88913820251.98
2021-06-06,91469840898.36
2021-06-07,92020331005.89
2021-06-08,90912282846.52
2021-06-09,89666291448.63
2021-06-10,91218940788.37
2021-06-11,89357974399.01
2021-06-12,87262882685.39
2021-06-13,86516797076.15
2021-06-14,92250566086.21
2021-06-15,94929261650.14
2021-06-16,92789127557.66
2021-06-17,89964624183.39
2021-06-18,87253495767.81
2021-06-19,84338446155.11
2021-06-20,83631735358.57
2021-06-21,78572247030.45
2021-06-22,72346557865.50
2021-06-23,72199372756.32
2021-06-24,74871111789.69
2021-06-25,76029032323.24
2021-06-26,73814230162.82
2021-06-27,74611459495.97
2021-06-28,76728889911.45
2021-06-29,79046114706.39
2021-06-30,81383712109.12
2021-07-01,81102757505.54
2021-07-02,80972152199.68
2021-07-03,81068669233.92
2021-07-04,83905290566.10
2021-07-05,85045168558.50
2021-07-06,84892495238.61
2021-07-07,88124783462.29
2021-07-08,88243023217.96
2021-07-09,86151639122.77
2021-07-10,85789124403.25
2021-07-11,85100124587.70
2021-07-12,86439424995.78
2021-07-13,82827073002.66
2021-07-14,83181211733.21
2021-07-15,81914964861.45
2021-07-16,81264547657.45
2021-07-17,80676539245.51
2021-07-18,81797068768.13
2021-07-19,80566057875.94
2021-07-20,78266573447.97
2021-07-21,78508973039.29
2021-07-22,82580007109.78
2021-07-23,83354496501.45
2021-07-24,85421837042.74
2021-07-25,86914741369.29
2021-07-26,88449835211.82
2021-07-27,90207117368.97
2021-07-28,91646919821.22
2021-07-29,92012669446.28
2021-07-30,93316997174.53
2021-07-31,95010181970.87
2021-08-01,95631285820.54
2021-08-02,95602298591.35
2021-08-03,95152534277.73
2021-08-04,95562797975.83
2021-08-05,99072556317.69
2021-08-06,99130484011.64
2021-08-07,101921751474.08
2021-08-08,106507014653.78
2021-08-09,105655649150.14
2021-08-10,108187516202.80
2021-08-11,106419728078.73
2021-08-12,108277016109.44
2021-08-13,109378998660.57
2021-08-14,113258546736.01
2021-08-15,113883950362.01
2021-08-16,114210760927.81
2021-08-17,111678100905.71
2021-08-18,110245903408.36
2021-08-19,111928886479.69
2021-08-20,115509848691.18
2021-08-21,118309289882.97
2021-08-22,117205112526.39
2021-08-23,119008006801.68
2021-08-24,118753955440.92
2021-08-25,117184081037.22
2021-08-26,116487044426.60
2021-08-27,115775527525.93
2021-08-28,120080826955.85
2021-08-29,119642287983.32
2021-08-30,118343087528.19
2021-08-31,119135567841.21
2021-09-01,123992658351.24
2021-09-02,130599239051.84
2021-09-03,131058415869.70
2021-09-04,133410073967.59
2021-09-05,134197385848.71
2021-09-06,136000524783.27
2021-09-07,130490848904.45
2021-09-08,123688127180.74
2021-09-09,124594689638.79
2021-09-10,124646902045.24
2021-09-11,122060596400.95
2021-09-12,126843272450.70
2021-09-13,127992761610.26
2021-09-14,126959362896.68
2021-09-15,131026710726.57
2021-09-16,132863637787.91
2021-09-17,131053529349.66
2021-09-18,130205062573.00
2021-09-19,130144312129.49
2021-09-20,122909496913.22
2021-09-21,113426267915.29
2021-09-22,116102130040.26
2021-09-23,122176264045.41
2021-09-24,121968168161.21
2021-09-25,119392272715.88
2021-09-26,119767240931.04
2021-09-27,120783541577.49
2021-09-28,117528083499.97
2021-09-29,115895943303.02
2021-09-30,117942423029.37
2021-10-01,122819641072.42
2021-10-02,127933451368.71
2021-10-03,130624737590.32
2021-10-04,131119703582.99
2021-10-05,132087267000.02
2021-10-06,133733853088.97
2021-10-07,135048641667.06
2021-10-08,137488188817.09
2021-10-09,137932526477.78
2021-10-10,138960801869.94
2021-10-11,135967691789.13
2021-10-12,137647598190.02
2021-10-13,139163668493.71
2021-10-14,142838095723.35
2021-10-15,145589775619.92
2021-10-16,148343683876.01
2021-10-17,148617657374.67
2021-10-18,149190704594.23
2021-10-19,146940018414.19
2021-10-20,150306750987.16
2021-10-21,157739904281.64
2021-10-22,155402363708.26
2021-10-23,153017051289.38
2021-10-24,157960940742.71
2021-10-25,156832771031.35
2021-10-26,160860050082.79
2021-10-27,159260516831.54
2021-10-28,153451694775.94
2021-10-29,160336737444.96
2021-10-30,153968154578.33
2021-10-31,155120604206.23
2021-11-01,157851673435.35
2021-11-02,159754441443.49
2021-11-03,165903803589.21
2021-11-04,168069246710.75
2021-11-05,168500054641.90
2021-11-06,167689177459.20
2021-11-07,170205952289.10
2021-11-08,174768806874.31
2021-11-09,178906157278.80
2021-11-10,177134149388.12
2021-11-11,172709118169.07
2021-11-12,174939221734.95
2021-11-13,174864625171.27
2021-11-14,175114531025.48
2021-11-15,176396910006.13
2021-11-16,172651190790.11
2021-11-17,165348421621.26
2021-11-18,167703928664.23
2021-11-19,159973602778.61
2021-11-20,169123322756.00
2021-11-21,173362581728.55
2021-11-22,171197736703.16
2021-11-23,166742590170.86
2021-11-24,172275823136.28
2021-11-25,171437879372.08
2021-11-26,175139453489.06
2021-11-27,162611438423.13
2021-11-28,164102600172.65
2021-11-29,170272849672.74
2021-11-30,174575979475.87
2021-12-01,177848468202.52
2021-12-02,178254316082.68
2021-12-03,176137801047.77
2021-12-04,166459425528.54
2021-12-05,158565804794.52
2021-12-06,159095571916.84
2021-12-07,163677634514.01
2021-12-08,165910200222.27
2021-12-09,168204365526.50
2021-12-10,159994267964.97
2021-12-11,155061253127.63
2021-12-12,158487687231.02
2021-12-13,160051523917.13
2021-12-14,151002538323.69
2021-12-15,153789108242.30
2021-12-16,158686565320.81
2021-12-17,157500595666.08
2021-12-18,156190875905.69
2021-12-19,159952856833.47
2021-12-20,160482577191.80
2021-12-21,160477484797.09
2021-12-22,165908552741.79
2021-12-23,165759160973.19
2021-12-24,170960422975.36
2021-12-25,170184897429.77
2021-12-26,171682565627.93
2021-12-27,173172570515.90
2021-12-28,170242857945.17
2021-12-29,164528923870.49
2021-12-30,161524278503.80
2021-12-31,163272096907.85
2022-01-01,163298806756.62
2022-01-02,166613457399.92
2022-01-03,167759670637.87
2022-01-04,167875549686.89
2022-01-05,167888407513.29
2022-01-06,161392582400.78
2022-01-07,158498781154.56
2022-01-08,153695128370.87
2022-01-09,150765438154.57
2022-01-10,152748456170.35
2022-01-11,150338791230.91
2022-01-12,155147412193.49
2022-01-13,158960766041.01
2022-01-14,156564825332.95
2022-01-15,158070774449.44
2022-01-16,158604835564.65
2022-01-17,160049881328.30
2022-01-18,156067849255.08
2022-01-19,156062752794.80
2022-01-20,155252902999.69
2022-01-21,153369510397.98
2022-01-22,136054049636.46
2022-01-23,129102809185.12
2022-01-24,132582542439.76
2022-01-25,128614766245.10
2022-01-26,132214680038.96
2022-01-27,133344563149.98
2022-01-28,125678004692.25
2022-01-29,126643527068.95
2022-01-30,128197227665.40
2022-01-31,126481784776.36
2022-02-01,129171982244.24
2022-02-02,132023856447.02
2022-02-03,128339898783.82
2022-02-04,130007428140.94
2022-02-05,137758186015.63
2022-02-06,139971270039.76
2022-02-07,141727817639.53
2022-02-08,144077893073.02
2022-02-09,144190353348.73
2022-02-10,146604677532.20
2022-02-11,142509796698.69
2022-02-12,138860005262.15
2022-02-13,138814178163.75
2022-02-14,138175676327.09
2022-02-15,139145911063.70
2022-02-16,144710483100.81
2022-02-17,143848476541.59
2022-02-18,137355789994.51
2022-02-19,135458116432.63
2022-02-20,134741292303.78
2022-02-21,131796740935.34
2022-02-22,128528191695.52
2022-02-23,130708101761.56
2022-02-24,129600042237.62
2022-02-25,129654082759.23
2022-02-26,133703287793.38
2022-02-27,134644188636.01
2022-02-28,130995959877.36
2022-03-01,140610894722.94
2022-03-02,141719100249.83
2022-03-03,142570523240.83
2022-03-04,136429952710.35
2022-03-05,132609208603.84
2022-03-06,134691539268.75
2022-03-07,130589574755.15
2022-03-08,130660497193.68
2022-03-09,133183056744.64
2022-03-10,136873750605.10
2022-03-11,134810259225.18
2022-03-12,133842490539.91
2022-03-13,133924707107.96
2022-03-14,132235926287.68
2022-03-15,133645733172.52
2022-03-16,135564150118.73
2022-03-17,139961279373.38
2022-03-18,140179839523.70
2022-03-19,144497707218.09
2022-03-20,144618215109.77
2022-03-21,142677505017.60
2022-03-22,146808931410.35
2022-03-23,148583526728.36
2022-03-24,150297323838.29
2022-03-25,151551907153.03
2022-03-26,150521460332.71
2022-03-27,152445063124.28
2022-03-28,156067303829.95
2022-03-29,157581179877.74
2022-03-30,160006250504.53
2022-03-31,161095799802.20
2022-04-01,157763685230.24
2022-04-02,161976164092.22
2022-04-03,162038355335.70
2022-04-04,163214145907.28
2022-04-05,162683394164.48
2022-04-06,158876841363.14
2022-04-07,152575533131.72
2022-04-08,154948017516.51
2022-04-09,151582374927.17
2022-04-10,153690202960.52
2022-04-11,150473515924.07
2022-04-12,143185109654.43
2022-04-13,146272101375.40
2022-04-14,148539973474.83
2022-04-15,145956542143.48
2022-04-16,147355105857.60
2022-04-17,147966607886.02
2022-04-18,145544120432.45
2022-04-19,149080194902.48
2022-04-20,150018740146.53
2022-04-21,148246217993.68
2022-04-22,145243000141.01
2022-04-23,144483555704.37
2022-04-24,145128724278.52
2022-04-25,144149100774.56
2022-04-26,147469462638.81
2022-04-27,141670252046.63
2022-04-28,144535717095.11
2022-04-29,144123406317.77
2022-04-30,140353438254.75
2022-05-01,135741166978.53
2022-05-02,138148890816.33
2022-05-03,138172727008.06
2022-05-04,138173836097.26
2022-05-05,142865895655.87
2022-05-06,137052112770.00
2022-05-07,135860826291.24
2022-05-08,130737398138.88
2022-05-09,126027558106.31
2022-05-10,109342830079.67
2022-05-11,107052702646.59
2022-05-12,89983088470.42
2022-05-13,78521330932.60
2022-05-14,79051949865.50
2022-05-15,79355099121.07
2022-05-16,81287460989.55
2022-05-17,78423267492.51
2022-05-18,80017651736.44
2022-05-19,75797294002.79
2022-05-20,78462978620.25
2022-05-21,76283910520.47
2022-05-22,77066059308.19
2022-05-23,79715710656.05
2022-05-24,78332147623.31
2022-05-25,79393658293.10
2022-05-26,79543162424.92
2022-05-27,75789515852.91
2022-05-28,74874002314.81
2022-05-29,75988204973.12
2022-05-30,75736795567.29
2022-05-31,79710193809.77
2022-06-01,80072337585.38
2022-06-02,77175001155.13
2022-06-03,77666132127.49
2022-06-04,75966710176.76
2022-06-05,75573780710.17
2022-06-06,75851965859.86
2022-06-07,76213739264.64
2022-06-08,76270042440.53
2022-06-09,75640048512.62
2022-06-10,74454970394.43
2022-06-11,72135316827.90
2022-06-12,69375736543.90
2022-06-13,66462150156.79
2022-06-14,57696474361.22
2022-06-15,55836777036.77
2022-06-16,55539147186.83
2022-06-17,51789780454.31
2022-06-18,52519667768.83
2022-06-19,49749290859.64
2022-06-20,51637214102.36
2022-06-21,52327830390.99
2022-06-22,52423685040.86
2022-06-23,52097198786.64
2022-06-24,53715056091.27
2022-06-25,54924833734.35
2022-06-26,55104943392.16
2022-06-27,54255971392.94
2022-06-28,53786629243.61
2022-06-29,52679004944.67
2022-06-30,51961898869.96
2022-07-01,51493737358.57
2022-07-02,51431651084.75
2022-07-03,52509067950.36
2022-07-04,52788904529.99
2022-07-05,54243946253.22
2022-07-06,54452421900.83
2022-07-07,55289768505.89
2022-07-08,55876957280.82
2022-07-09,55709113893.23
2022-07-10,55834069598.14
2022-07-11,54649755460.15
2022-07-12,53014900623.12
2022-07-13,51842283347.96
2022-07-14,52994110492.42
2022-07-15,54180011981.95
2022-07-16,54698993058.74
2022-07-17,56029094092.12
2022-07-18,55860581562.62
2022-07-19,59236718572.44
2022-07-20,59426486761.66
2022-07-21,58727314121.70
2022-07-22,59527362471.18
2022-07-23,59442045241.25
2022-07-24,59492149812.69
2022-07-25,60092776317.74
2022-07-26,57394822979.21
2022-07-27,57396407513.41
2022-07-28,60286191124.79
2022-07-29,62008125102.43
2022-07-30,61544846045.53
2022-07-31,61543215617.93
2022-08-01,61229910563.72
2022-08-02,60612992865.30
2022-08-03,59680786797.45
2022-08-04,60384206416.87
2022-08-05,61166461618.50
2022-08-06,62256352020.00
2022-08-07,61692216823.05
2022-08-08,62812908892.09
2022-08-09,63079505820.01
2022-08-10,61327355881.32
2022-08-11,64120673552.77
2022-08-12,63926533127.01
2022-08-13,63989705832.74
2022-08-14,64139993220.70
2022-08-15,63455656023.86
2022-08-16,62554414759.58
2022-08-17,63124298124.52
2022-08-18,61976302967.43
2022-08-19,61176829615.54
2022-08-20,58090195308.79
2022-08-21,57733766841.36
2022-08-22,58602019380.16
2022-08-23,58611839970.72
2022-08-24,58787543482.57
2022-08-25,58962487457.64
2022-08-26,59054101443.44
2022-08-27,56543733334.29
2022-08-28,56205477832.13
2022-08-29,55167496792.23
2022-08-30,56811183448.83
2022-08-31,56625999328.76
2022-09-01,56286998921.02
2022-09-02,56858145569.23
2022-09-03,56613566983.94
2022-09-04,56492929298.57
2022-09-05,56459523064.18
2022-09-06,57153698050.30
2022-09-07,54667558377.72
2022-09-08,55675443609.02
2022-09-09,55716994980.56
2022-09-10,57138156155.75
2022-09-11,57856684119.17
2022-09-12,57224513375.86
2022-09-13,56540417144.51
2022-09-14,53684189956.31
2022-09-15,52680180639.30
2022-09-16,51623357568.61
2022-09-17,51895366421.32
2022-09-18,52519506572.92
2022-09-19,51002239235.62
2022-09-20,51379992663.20
2022-09-21,51248979994.93
2022-09-22,50177681026.36
2022-09-23,52589766879.84
2022-09-24,52594732750.22
2022-09-25,52120156926.66
2022-09-26,51948800698.22
2022-09-27,52609404889.27
2022-09-28,52516711556.76
2022-09-29,52769438188.28
2022-09-30,52810429155.18
2022-10-01,52663735958.12
2022-10-02,53008684870.66
2022-10-03,52479333535.12
2022-10-04,53050804856.84
2022-10-05,53554795265.98
2022-10-06,53621992977.22
2022-10-07,53501048590.98
2022-10-08,52906150417.41
2022-10-09,52663840146.08
2022-10-10,52185704479.08
2022-10-11,52053345542.40
2022-10-12,52054227086.13
2022-10-13,51736606098.65
2022-10-14,51251206103.55
2022-10-15,51230133622.77
2022-10-16,51083714320.42
2022-10-17,51501825679.93
2022-10-18,51513641688.89
2022-10-19,51315018009.14
2022-10-20,50885333760.93
2022-10-21,50332361173.59
2022-10-22,50364440213.30
2022-10-23,50451908345.79
2022-10-24,51319790822.80
2022-10-25,50752397836.55
2022-10-26,52426426694.89
2022-10-27,53682514406.33
2022-10-28,53019973087.74
2022-10-29,53572953548.45
2022-10-30,54452066385.96
2022-10-31,54129223770.55
2022-11-01,53584998509.91
2022-11-02,52996859801.10
2022-11-03,52633978686.44
2022-11-04,52900169819.02
2022-11-05,54764829558.08
2022-11-06,54442455765.92
2022-11-07,53510234592.88
2022-11-08,53318464022.82
2022-11-09,48195628604.98
2022-11-10,42810730343.82
2022-11-11,44580773283.81
2022-11-12,43596770083.51
2022-11-13,42890531877.05
2022-11-14,42010377719.05
2022-11-15,42111924603.52
2022-11-16,42516122044.69
2022-11-17,41852851750.76
2022-11-18,41972902866.75
2022-11-19,41866738804.97
2022-11-20,41612564441.01
2022-11-21,40385461400.35
2022-11-22,40132931693.34
2022-11-23,40130210610.44
2022-11-24,40657200649.00
2022-11-25,40405405377.52
2022-11-26,40356379711.49
2022-11-27,40860407178.69
2022-11-28,40664141525.31
2022-11-29,40001626739.47
2022-11-30,40996650335.56
2022-12-01,41546275115.80
2022-12-02,41588821706.07
2022-12-03,41043199720.84
2022-12-04,41023280010.12
2022-12-05,41656986222.43
2022-12-06,41128112646.42
2022-12-07,41504619365.88
2022-12-08,41495835637.30
2022-12-09,41645332673.40
2022-12-10,41608643821.54
2022-12-11,41851326385.61
2022-12-12,41420948836.89
2022-12-13,41385450674.85
2022-12-14,41541092431.97
2022-12-15,41449909285.52
2022-12-16,40664049913.98
2022-12-17,38834411173.45
2022-12-18,39053553150.62
2022-12-19,39167529529.12
2022-12-20,35002580567.38
2022-12-21,35552568695.56
2022-12-22,39165541871.56
2022-12-23,39159672978.05
2022-12-24,39131393176.01
2022-12-25,39177682027.30
2022-12-26,38801834195.28
2022-12-27,38995107127.17
2022-12-28,38790112850.73
2022-12-29,38531802250.54
2022-12-30,38530908684.55
2022-12-31,38418361808.75
2023-01-01,37961627739.73
2023-01-02,38241492523.06
2023-01-03,38446050894.20
2023-01-04,38486170902.42
2023-01-05,39130359760.80
2023-01-06,39008991755.81
2023-01-07,39087384442.10
2023-01-08,39187250378.22
2023-01-09,39920691080.46
2023-01-10,40277312649.69
2023-01-11,40474524409.16
2023-01-12,41560693425.39
2023-01-13,41837229262.12
2023-01-14,43810310937.91
2023-01-15,43791739282.92
2023-01-16,44393396086.17
2023-01-17,44431613630.11
2023-01-18,44582749972.43
2023-01-19,43602972332.38
2023-01-20,44288470630.91
2023-01-21,46222887410.02
2023-01-22,46095653659.11
2023-01-23,46279445557.18
2023-01-24,46540337188.60
2023-01-25,45807374133.49
2023-01-26,46998235430.74
2023-01-27,46703870302.96
2023-01-28,47194190660.54
2023-01-29,47038655247.62
2023-01-30,48002802599.29
2023-01-31,46494849699.22
2023-02-01,46964514193.38
2023-02-02,48681860257.92
2023-02-03,48238254414.17
2023-02-04,48422370055.76
2023-02-05,48351884084.84
2023-02-06,47938146709.31
2023-02-07,47733381820.02
2023-02-08,48918074131.02
2023-02-09,48447209429.58
2023-02-10,46331512689.19
2023-02-11,46126938364.45
2023-02-12,46633185744.30
2023-02-13,46395492643.41
2023-02-14,46044149761.86
2023-02-15,46811884987.02
2023-02-16,49558780392.97
2023-02-17,48658123913.03
2023-02-18,49915983559.43
2023-02-19,50296627580.46
2023-02-20,50001930071.03
2023-02-21,50666060422.29
2023-02-22,49628712146.07
2023-02-23,49383097636.34
2023-02-24,49340469199.33
2023-02-25,48424449576.52
2023-02-26,48159703658.93
2023-02-27,49178968500.20
2023-02-28,49186163793.70
2023-03-01,48821126847.50
2023-03-02,49758647085.10
2023-03-03,49303091566.75
2023-03-04,47720242084.91
2023-03-05,47632161968.75
2023-03-06,47773958388.99
2023-03-07,47723155956.86
2023-03-08,47519263961.49
2023-03-09,46568085099.81
2023-03-10,44308741803.90
2023-03-11,43872424957.93
2023-03-12,41778727075.29
2023-03-13,45634628077.88
2023-03-14,46582144493.42
2023-03-15,46919004444.62
2023-03-16,45749856497.65
2023-03-17,45781242469.74
2023-03-18,48175324009.15
2023-03-19,47987097448.91
2023-03-20,48291983439.90
2023-03-21,48364463352.31
2023-03-22,49177654940.71
2023-03-23,48212735011.06
2023-03-24,49279375760.74
2023-03-25,48199429925.75
2023-03-26,48085518382.05
2023-03-27,48453832457.20
2023-03-28,47577231532.77
2023-03-29,48102134688.40
2023-03-30,48754173219.53
2023-03-31,48900900783.24
2023-04-01,48797364296.81
2023-04-02,49202123580.72
2023-04-03,48815792738.94
2023-04-04,48371546293.61
2023-04-05,49612832271.40
2023-04-06,49908914104.39
2023-04-07,49535610980.41
2023-04-08,49292921747.36
2023-04-09,49394348983.45
2023-04-10,49529057387.66
2023-04-11,50314143352.11
2023-04-12,50130867622.86
2023-04-13,50190435939.66
2023-04-14,52441969175.62
2023-04-15,52478216189.69
2023-04-16,52519866787.18
2023-04-17,52158119707.66
2023-04-18,51681049797.48
2023-04-19,52393558438.32
2023-04-20,50040094992.60
2023-04-21,49499592974.62
2023-04-22,47677200951.69
2023-04-23,48003082843.07
2023-04-24,47919980011.59
2023-04-25,47477271692.70
2023-04-26,48062355325.61
2023-04-27,48747446184.54
2023-04-28,48743353720.68
2023-04-29,48315863777.58
2023-04-30,48706175702.74
2023-05-01,48234063658.49
2023-05-02,47045737115.84
2023-05-03,47534172868.70
2023-05-04,48280304937.55
2023-05-05,48324993617.64
2023-05-06,49898791407.67
2023-05-07,48598690240.16
2023-05-08,48119306844.85
2023-05-09,46881907093.86
2023-05-10,47077613484.71
2023-05-11,46695262932.35
2023-05-12,44820819339.25
2023-05-13,45921531215.58
2023-05-14,45892033839.81
2023-05-15,45842103452.12
2023-05-16,46416622326.71
2023-05-17,46466928821.12
2023-05-18,46395484618.39
2023-05-19,46108283117.41
2023-05-20,46197395543.15
2023-05-21,46731292228.01
2023-05-22,46152442659.44
2023-05-23,46473860420.58
2023-05-24,47022118468.95
2023-05-25,44524317216.93
2023-05-26,45258304187.41
2023-05-27,45302608834.28
2023-05-28,45633396357.65
2023-05-29,47435611033.43
2023-05-30,47017794832.73
2023-05-31,47260362117.08
2023-06-01,45951546073.19
2023-06-02,46089663743.73
2023-06-03,46579222853.93
2023-06-04,46247279735.04
2023-06-05,46164245474.49
2023-06-06,44432360089.59
2023-06-07,45561691541.52
2023-06-08,44715629879.87
2023-06-09,44777281278.17
2023-06-10,44189917573.87
2023-06-11,38436421616.87
2023-06-12,42567755524.57
2023-06-13,42283613783.33
2023-06-14,42493367953.37
2023-06-15,41058135540.28
2023-06-16,40879096982.64
2023-06-17,41789012988.47
2023-06-18,41998583994.04
2023-06-19,42010114935.90
2023-06-20,42278076943.71
2023-06-21,43528074102.93
2023-06-22,45081647841.57
2023-06-23,44586262466.55
2023-06-24,44840419940.65
2023-06-25,44631379019.15
2023-06-26,44967366636.71
2023-06-27,44291262347.76
2023-06-28,44709952979.55
2023-06-29,43864941062.60
2023-06-30,44334036131.18
2023-07-01,45490769835.75
2023-07-02,45413245622.70
2023-07-03,45531891122.51
2023-07-04,45779469081.51
2023-07-05,45455724199.37
2023-07-06,44929904789.88
2023-07-07,43968240453.30
2023-07-08,44400352245.72
2023-07-09,44454978339.66
2023-07-10,44364866255.03
2023-07-11,44482150990.86
2023-07-12,44604044414.01
2023-07-13,44407503821.20
2023-07-14,46161860920.07
2023-07-15,45070697688.85
2023-07-16,45226548483.65
2023-07-17,44973037102.01
2023-07-18,44730291623.74
2023-07-19,44377699016.38
2023-07-20,44104062102.45
2023-07-21,44262195200.12
2023-07-22,44183144320.23
2023-07-23,43654304484.49
2023-07-24,43989444516.39
2023-07-25,43220188300.93
2023-07-26,43057745039.72
2023-07-27,43278413814.59
2023-07-28,43243795500.88
2023-07-29,43545950827.28
2023-07-30,43931537373.15
2023-07-31,41728871505.88
2023-08-01,41041999468.31
2023-08-02,40538272084.30
2023-08-03,39752935370.11
2023-08-04,40181080168.96
2023-08-05,40122278832.35
2023-08-06,40243225430.99
2023-08-07,40488025804.31
2023-08-08,41154938144.83
2023-08-09,41672881900.07
2023-08-10,41628529179.17
2023-08-11,41953976703.02
2023-08-12,42107951374.86
2023-08-13,42121919556.14
2023-08-14,41989082906.33
2023-08-15,42005783323.36
2023-08-16,41429753058.43
2023-08-17,40498877256.14
2023-08-18,38794326656.76
2023-08-19,38465880774.85
2023-08-20,36411922698.20
2023-08-21,36237847542.55
2023-08-22,36050566148.16
2023-08-23,37783511888.62
2023-08-24,38511005558.74
2023-08-25,38248153670.82
2023-08-26,38026793442.70
2023-08-27,38003377711.83
2023-08-28,38226737788.50
2023-08-29,38209849534.78
2023-08-30,39382820697.18
2023-08-31,38895951345.98
2023-09-01,38029049937.62
2023-09-02,37872723707.44
2023-09-03,37967618263.39
2023-09-04,38061073296.40
2023-09-05,37904073506.81
2023-09-06,37859816371.37
2023-09-07,37997232151.52
2023-09-08,38375956004.69
2023-09-09,38085442992.32
2023-09-10,38021250806.51
2023-09-11,37764357431.59
2023-09-12,36329039114.13
2023-09-13,37311199374.51
2023-09-14,37665223543.50
2023-09-15,37967464313.46
2023-09-16,39127828603.90
2023-09-17,38626786109.97
2023-09-18,38711472849.84
2023-09-19,38679284690.32
2023-09-20,39170100308.53
2023-09-21,38845288915.48
2023-09-22,38133270373.18
2023-09-23,38320388390.11
2023-09-24,38261442866.76
2023-09-25,37881220786.48
2023-09-26,38074753768.50
2023-09-27,37631875123.17
2023-09-28,37794436665.27
2023-09-29,38463956536.81
2023-09-30,38572147926.97
2023-10-01,38552452374.80
2023-10-02,39519217776.78
2023-10-03,38637042449.58
2023-10-04,38334973858.35
2023-10-05,38533114179.35
2023-10-06,38143742090.66
2023-10-07,38416403208.40
2023-10-08,38354620005.13
2023-10-09,38218188335.83
2023-10-10,37459539579.91
2023-10-11,36704656658.32
2023-10-12,36666072947.31
2023-10-13,34921977169.80
2023-10-14,36690185053.47
2023-10-15,36319483551.14
2023-10-16,36793882362.75
2023-10-17,37074492499.95
2023-10-18,36643785364.99
2023-10-19,36493993449.22
2023-10-20,36375066052.59
2023-10-21,36937126509.70
2023-10-22,37599050445.51
2023-10-23,38899703428.91
2023-10-24,40657714624.81
2023-10-25,40523044590.83
2023-10-26,41342035712.75
2023-10-27,41025602729.02
2023-10-28,40304763182.70
2023-10-29,41428940033.15
2023-10-30,41477519554.65
2023-10-31,42511381203.76
2023-11-01,41745682420.00
2023-11-02,43091293983.87
2023-11-03,42140225530.64
2023-11-04,43151201113.78
2023-11-05,43555523201.69
2023-11-06,43534290643.06
2023-11-07,43025397060.31
2023-11-08,44100262899.90
2023-11-09,43482038661.63
2023-11-10,46922048934.58
2023-11-11,45552279334.82
2023-11-12,45449151341.71
2023-11-13,46414094503.63
2023-11-14,45609549719.54
2023-11-15,45770362652.87
2023-11-16,47080729863.77
2023-11-17,45312984637.59
2023-11-18,45405184754.06
2023-11-19,45668609181.09
2023-11-20,46737765907.61
2023-11-21,47157164737.60
2023-11-22,44917706898.68
2023-11-23,47345512814.10
2023-11-24,43934417809.54
2023-11-25,47428907665.42
2023-11-26,47345567495.03
2023-11-27,47013285317.58
2023-11-28,46533151478.85
2023-11-29,47048758083.13
2023-11-30,46907967315.50
2023-12-01,47239740002.74
2023-12-02,47445602989.19
2023-12-03,48757684835.83
2023-12-04,49683669838.59
2023-12-05,50332330926.45
2023-12-06,51499911920.49
2023-12-07,50690423655.06
2023-12-08,52231410258.66
2023-12-09,53071180342.61
2023-12-10,51077960072.79
2023-12-11,50677204726.47
2023-12-12,49290030155.34
2023-12-13,48982797587.55
2023-12-14,50224586159.67
2023-12-15,51427490388.87
2023-12-16,49721390377.19
2023-12-17,50042222310.50
2023-12-18,49454607397.36
2023-12-19,50508796165.92
2023-12-20,50064474720.58
2023-12-21,51116119501.06
2023-12-22,51757742624.61
2023-12-23,52772927869.25
2023-12-24,52818597121.43
2023-12-25,52412130457.90
2023-12-26,53917045274.39
2023-12-27,53565730158.62
2023-12-28,55713362855.29
2023-12-29,54899539216.99
2023-12-30,53853446306.06
2023-12-31,53960312584.70
2024-01-01,53735093130.62
2024-01-02,55367569661.31
2024-01-03,55803379279.17
2024-01-04,51650285030.10
2024-01-05,51573075786.29
2024-01-06,53004399417.39
2024-01-07,52550159311.63
2024-01-08,52773021313.04
2024-01-09,55075676386.74
2024-01-10,55796009167.45
2024-01-11,59086060466.84
2024-01-12,59489936764.35
2024-01-13,57294364789.11
2024-01-14,58154419456.94
2024-01-15,57142722227.58
2024-01-16,56027280500.67
2024-01-17,56864074838.77
2024-01-18,56192891157.86
2024-01-19,56226811752.83
2024-01-20,56231409005.45
2024-01-21,56596417744.24
2024-01-22,56426103793.71
2024-01-23,54368463552.55
2024-01-24,53703204096.23
2024-01-25,54118491328.65
2024-01-26,53835416023.58
2024-01-27,55463256949.51
2024-01-28,55762964437.57
2024-01-29,55738028154.76
2024-01-30,56948949552.59
2024-01-31,56423992680.43
2024-02-01,55653905116.95
2024-02-02,56472343865.64
2024-02-03,56794407386.47
2024-02-04,56207933276.71
2024-02-05,56137422175.27
2024-02-06,57829399214.42
2024-02-07,59626071372.58
2024-02-08,60859098743.21
2024-02-09,62106970557.25
2024-02-10,63771840110.77
2024-02-11,63974545549.35
2024-02-12,64411424476.28
2024-02-13,66993926394.26
2024-02-14,66258412515.01
2024-02-15,69299328283.53
2024-02-16,69211637795.64
2024-02-17,68891299599.53
2024-02-18,68885241158.04
2024-02-19,70797581601.50
2024-02-20,72008999078.68
2024-02-21,72368844015.06
2024-02-22,71964374625.20
2024-02-23,72079276711.54
2024-02-24,70830913050.88
2024-02-25,72744869475.96
2024-02-26,74376123748.57
2024-02-27,76577434214.27
2024-02-28,78144879525.78
2024-02-29,81466018888.92
2024-03-01,80681553435.30
2024-03-02,81581644474.41
2024-03-03,81516022909.19
2024-03-04,83414143984.90
2024-03-05,85838984472.39
2024-03-06,83483628009.03
2024-03-07,88574920876.91
2024-03-08,89650273117.41
2024-03-09,90848719183.03
2024-03-10,91671780283.30
2024-03-11,91492786707.87
2024-03-12,95895301300.76
2024-03-13,94394781948.86
2024-03-14,95886046067.99
2024-03-15,93841737085.23
2024-03-16,91154915091.12
2024-03-17,86635856942.72
2024-03-18,89601448857.67
2024-03-19,87383032895.58
2024-03-20,80265621162.72
2024-03-21,88050405529.25
2024-03-22,83824955062.54
2024-03-23,81100701344.60
2024-03-24,82304955971.42
2024-03-25,88387483763.86
2024-03-26,92768887609.40
2024-03-27,92848654543.09
2024-03-28,91470253914.57
2024-03-29,93342162628.03
2024-03-30,92862228017.65
2024-03-31,92942989665.95
2024-04-01,95298977938.90
2024-04-02,92869510629.85
2024-04-03,89148553370.71
2024-04-04,90131874793.83
2024-04-05,90879376719.76
2024-04-06,90546210233.83
2024-04-07,91429866600.34
2024-04-08,93100756315.95
2024-04-09,98301077606.99
2024-04-10,95144983239.36
2024-04-11,96094099268.50
2024-04-12,96898251272.71
2024-04-13,89216021970.71
2024-04-14,81819053966.30
2024-04-15,86730475125.37
2024-04-16,86588651171.79
2024-04-17,85761301439.76
2024-04-18,84119716968.57
2024-04-19,86232182787.85
2024-04-20,87206221332.34
2024-04-21,89380167305.55
2024-04-22,89772000626.95
2024-04-23,91493105984.86
2024-04-24,92013102622.31
2024-04-25,89457573594.95
2024-04-26,90514556766.83
2024-04-27,89684096476.64
2024-04-28,89574922745.05
2024-04-29,91657024626.31
2024-04-30,89197717033.63
2024-05-01,84827562922.93
2024-05-02,84800834707.87
2024-05-03,86377174671.52
2024-05-04,90462582099.02
2024-05-05,91394814711.99
2024-05-06,92286773413.09
2024-05-07,91202077087.42
2024-05-08,90161125069.88
2024-05-09,88309685163.82
2024-05-10,89609398507.87
2024-05-11,88520121042.30
2024-05-12,88655944100.91
2024-05-13,89214329032.29
2024-05-14,89537681343.23
2024-05-15,87933341234.31
2024-05-16,91892816902.90
2024-05-17,90952480362.26
2024-05-18,93948733294.56
2024-05-19,94557728156.94
2024-05-20,93730860884.76
2024-05-21,104291932070.50
2024-05-22,106247233364.89
2024-05-23,106343112654.99
2024-05-24,105394530742.45
2024-05-25,104971574008.92
2024-05-26,105513700484.21
2024-05-27,108028489551.99
2024-05-28,106808430069.26
2024-05-29,105781543950.06
2024-05-30,104939041138.22
2024-05-31,104693453662.85
2024-06-01,102656426847.53
2024-06-02,102880857123.43
2024-06-03,105687983112.90
2024-06-04,105801518161.50
2024-06-05,107404112574.50
2024-06-06,108629913248.36
2024-06-07,107775568073.41
2024-06-08,104836760857.20
2024-06-09,104246038234.91
2024-06-10,104778852338.65
2024-06-11,103472930246.64
2024-06-12,99976800072.20
2024-06-13,102064365077.10
2024-06-14,97263503130.47
2024-06-15,96575218965.03
2024-06-16,101345068369.16
2024-06-17,102244208472.61
2024-06-18,99819026136.60
2024-06-19,98653218383.06
2024-06-20,99610766945.40
2024-06-21,94472292489.77
2024-06-22,98093285668.78
2024-06-23,97967373522.29
2024-06-24,92130051465.82
2024-06-25,93636528714.44
2024-06-26,95458576544.20
2024-06-27,94431280791.41
2024-06-28,96348571163.28
2024-06-29,94463110251.12
2024-06-30,94713624916.79
2024-07-01,96547859091.16
2024-07-02,97229472950.79
2024-07-03,96199558439.77
2024-07-04,93499046285.81
2024-07-05,89299666388.38
2024-07-06,87239554101.28
2024-07-07,88563593073.07
2024-07-08,85865210903.39
2024-07-09,87770633503.32
2024-07-10,88581145029.45
2024-07-11,89214332729.34
2024-07-12,89658341716.58
2024-07-13,90115460733.62
2024-07-14,91460438969.06
2024-07-15,94135925740.26
2024-07-16,97344429141.79
2024-07-17,98102542994.15
2024-07-18,97252537325.29
2024-07-19,97268795609.47
2024-07-20,97111146206.19
2024-07-21,100789511017.50
2024-07-22,101659787897.77
2024-07-23,100859572189.45
2024-07-24,100736723474.08
2024-07-25,97573944562.30
2024-07-26,95807416368.66
2024-07-27,98490446456.13
2024-07-28,98841127351.36
2024-07-29,98946865376.49
2024-07-30,99851728774.40
2024-07-31,98390661502.23
2024-08-01,96643175826.80
2024-08-02,95561152007.27
2024-08-03,91045505692.80
2024-08-04,88598894420.10
2024-08-05,82631900412.75
2024-08-06,77594908694.28
2024-08-07,80346167583.53
2024-08-08,77823728108.38
2024-08-09,83777689446.69
2024-08-10,84170114721.12
2024-08-11,84550521325.77
2024-08-12,82426840080.92
2024-08-13,84275593469.15
2024-08-14,85957498503.14
2024-08-15,84004654615.49
2024-08-16,82736284229.60
2024-08-17,83812657199.88
2024-08-18,84041087465.85
2024-08-19,84857881778.47
2024-08-20,84536199192.81
2024-08-21,84458151766.72
2024-08-22,86070750341.00
2024-08-23,85732189996.56
2024-08-24,90020937937.89
2024-08-25,89586993842.24
2024-08-26,90167862313.99
2024-08-27,87531631816.89
2024-08-28,82353004482.83
2024-08-29,82781847653.17
2024-08-30,82769294197.59
2024-08-31,81683936590.97
2024-09-01,81505945590.97
2024-09-02,79744353956.16
2024-09-03,81846579968.86
2024-09-04,80695804255.94
2024-09-05,81065041026.57
2024-09-06,78892973267.05
2024-09-07,75067674387.83
2024-09-08,76366742030.89
2024-09-09,77327309095.02
2024-09-10,79532474204.15
2024-09-11,79685389672.12
2024-09-12,79383242367.11
2024-09-13,80022557861.59
2024-09-14,82740804834.58
2024-09-15,81956797520.68
2024-09-16,80625525708.39
2024-09-17,78648666588.98
2024-09-18,80436398811.62
2024-09-19,80222598950.61
2024-09-20,83358998593.55
2024-09-21,85367859100.54
2024-09-22,85913793959.22
2024-09-23,85194638441.71
2024-09-24,87319066074.26
2024-09-25,87981350847.29
2024-09-26,86259748631.07
2024-09-27,88387747911.72
2024-09-28,89622461622.54
2024-09-29,89022270756.72
2024-09-30,89122430531.64
2024-10-01,87553778251.18
2024-10-02,83778306196.48
2024-10-03,81432116741.11
2024-10-04,81177680140.39
2024-10-05,83358594038.48
2024-10-06,82944223674.29
2024-10-07,82498712027.76
2024-10-08,83195658792.69
2024-10-09,81860499699.19
2024-10-10,81220588211.05
2024-10-11,81220588407.20
